SectionKey,Section
1,Grounds
2,Motorpool
3,Plumbing
4,Buildings Maintenance
5,Electrical Services
6,Electrical Services
7,Buildings Maintenance
8,Grounds
9,Motorpool
10,Unknown
11,Grounds
12,Buildings Maintenance
13,Grounds
14,Buildings Maintenance
15,Custodial
16,Custodial
17,Custodial
18,Motorpool
19,Motorpool
20,Electrical Services
21,Motorpool
22,Buildings Maintenance
23,Motorpool
24,Custodial
25,Electrical Services
26,Motorpool
27,Electrical Services
28,Motorpool
29,Buildings Maintenance
30,Plumbing
31,Buildings Maintenance
32,Buildings Maintenance
33,Custodial
34,Buildings Maintenance
35,Electrical Services
36,Motorpool
37,Plumbing
38,Buildings Maintenance
39,Electrical Services
40,Custodial
41,Grounds
42,Plumbing
43,Buildings Maintenance
44,Custodial
45,Motorpool
46,Electrical Services
47,Buildings Maintenance
48,Plumbing
49,Motorpool
50,Motorpool
51,Grounds
52,Motorpool
53,Grounds
54,Grounds
55,Buildings Maintenance
56,Buildings Maintenance
57,Motorpool
58,Custodial
59,Custodial
60,Buildings Maintenance
61,Electrical Services
62,Motorpool
63,Buildings Maintenance
64,Grounds
65,Plumbing
66,Custodial
67,Electrical Services
68,Plumbing
69,Custodial
70,Grounds
71,Custodial
72,Motorpool
73,Grounds
74,Electrical Services
75,Buildings Maintenance
76,Plumbing
77,Electrical Services
78,Plumbing
79,Electrical Services
80,Plumbing
81,Buildings Maintenance
82,Buildings Maintenance
83,Unknown
84,Custodial
85,Custodial
86,Buildings Maintenance
87,Buildings Maintenance
88,Electrical Services
89,Motorpool
90,Plumbing
91,Electrical Services
92,Motorpool
93,Grounds
94,Motorpool
95,Grounds
96,Plumbing
97,Custodial
98,Electrical Services
99,Custodial
100,Grounds
101,Grounds
102,Motorpool
103,Plumbing
104,Grounds
105,Plumbing
106,Plumbing
107,Plumbing
108,Grounds
109,Custodial
110,Custodial
111,Motorpool
112,Plumbing
113,Buildings Maintenance
114,Motorpool
115,Buildings Maintenance
116,Motorpool
117,Grounds
118,Custodial
119,Motorpool
120,Electrical Services
121,Buildings Maintenance
122,Custodial
123,Custodial
124,Plumbing
125,Electrical Services
126,Plumbing
127,Unknown
128,Custodial
129,Grounds
130,Electrical Services
131,Custodial
132,Motorpool
133,Motorpool
134,Motorpool
135,Motorpool
136,Electrical Services
137,Buildings Maintenance
138,Motorpool
139,Unknown
140,Plumbing
141,Electrical Services
142,Grounds
143,Buildings Maintenance
144,Electrical Services
145,Custodial
146,Grounds
147,Motorpool
148,Grounds
149,Grounds
150,Buildings Maintenance
151,Plumbing
152,Buildings Maintenance
153,Electrical Services
154,Motorpool
155,Grounds
156,Grounds
157,Custodial
158,Buildings Maintenance
159,Buildings Maintenance
160,Grounds
161,Motorpool
162,Buildings Maintenance
163,Electrical Services
164,Grounds
165,Grounds
166,Electrical Services
167,Buildings Maintenance
168,Motorpool
169,Plumbing
170,Plumbing
171,Electrical Services
172,Grounds
173,Electrical Services
174,Motorpool
175,Grounds
176,Buildings Maintenance
177,Custodial
178,Custodial
179,Motorpool
180,Buildings Maintenance
181,Motorpool
182,Electrical Services
183,Custodial
184,Motorpool
185,Plumbing
186,Motorpool
187,Plumbing
188,Electrical Services
189,Buildings Maintenance
190,Electrical Services
191,Grounds
192,Plumbing
193,Motorpool
194,Motorpool
195,Custodial
196,Buildings Maintenance
197,Buildings Maintenance
198,Buildings Maintenance
199,Electrical Services
200,Buildings Maintenance
201,Electrical Services
202,Plumbing
203,Plumbing
204,Buildings Maintenance
205,Buildings Maintenance
206,Electrical Services
207,Plumbing
208,Buildings Maintenance
209,Buildings Maintenance
210,Plumbing
211,Motorpool
212,Buildings Maintenance
213,Electrical Services
214,Electrical Services
215,Motorpool
216,Custodial
217,Buildings Maintenance
218,Electrical Services
219,Electrical Services
220,Buildings Maintenance
221,Grounds
222,Motorpool
223,Custodial
224,Buildings Maintenance
225,Electrical Services
226,Buildings Maintenance
227,Buildings Maintenance
228,Grounds
229,Motorpool
230,Buildings Maintenance
231,Custodial
232,Grounds
233,Motorpool
234,Motorpool
235,Electrical Services
236,Grounds
237,Motorpool
238,Custodial
239,Plumbing
240,Custodial
241,Electrical Services
242,Electrical Services
243,Custodial
244,Buildings Maintenance
245,Grounds
246,Buildings Maintenance
247,Plumbing
248,Electrical Services
249,Electrical Services
250,Motorpool
251,Plumbing
252,Motorpool
253,Motorpool
254,Electrical Services
255,Buildings Maintenance
256,Buildings Maintenance
257,Plumbing
258,Motorpool
259,Plumbing
260,Plumbing
261,Plumbing
262,Grounds
263,Grounds
264,Plumbing
265,Custodial
266,Custodial
267,Plumbing
268,Motorpool
269,Buildings Maintenance
270,Plumbing
271,Electrical Services
272,Grounds
273,Electrical Services
274,Plumbing
275,Custodial
276,Buildings Maintenance
277,Motorpool
278,Motorpool
279,Buildings Maintenance
280,Custodial
281,Custodial
282,Electrical Services
283,Motorpool
284,Custodial
285,Buildings Maintenance
286,Electrical Services
287,Unknown
288,Grounds
289,Grounds
290,Electrical Services
291,Buildings Maintenance
292,Custodial
293,Plumbing
294,Motorpool
295,Custodial
296,Buildings Maintenance
297,Grounds
298,Custodial
299,Buildings Maintenance
300,Plumbing
301,Custodial
302,Buildings Maintenance
303,Buildings Maintenance
304,Custodial
305,Unknown
306,Buildings Maintenance
307,Custodial
308,Motorpool
309,Custodial
310,Motorpool
311,Electrical Services
312,Buildings Maintenance
313,Custodial
314,Custodial
315,Custodial
316,Custodial
317,Custodial
318,Buildings Maintenance
319,Motorpool
320,Plumbing
321,Unknown
322,Grounds
323,Buildings Maintenance
324,Buildings Maintenance
325,Plumbing
326,Custodial
327,Custodial
328,Plumbing
329,Grounds
330,Electrical Services
331,Plumbing
332,Custodial
333,Grounds
334,Buildings Maintenance
335,Custodial
336,Plumbing
337,Electrical Services
338,Buildings Maintenance
339,Plumbing
340,Motorpool
341,Grounds
342,Motorpool
343,Buildings Maintenance
344,Motorpool
345,Custodial
346,Plumbing
347,Plumbing
348,Custodial
349,Motorpool
350,Plumbing
351,Buildings Maintenance
352,Buildings Maintenance
353,Grounds
354,Buildings Maintenance
355,Plumbing
356,Custodial
357,Custodial
358,Electrical Services
359,Motorpool
360,Custodial
361,Plumbing
362,Buildings Maintenance
363,Plumbing
364,Electrical Services
365,Grounds
366,Electrical Services
367,Grounds
368,Grounds
369,Motorpool
370,Buildings Maintenance
371,Buildings Maintenance
372,Buildings Maintenance
373,Motorpool
374,Electrical Services
375,Electrical Services
376,Grounds
377,Plumbing
378,Electrical Services
379,Custodial
380,Grounds
381,Motorpool
382,Plumbing
383,Grounds
384,Motorpool
385,Motorpool
386,Electrical Services
387,Plumbing
388,Plumbing
389,Buildings Maintenance
390,Electrical Services
391,Electrical Services
392,Grounds
393,Plumbing
394,Custodial
395,Plumbing
396,Electrical Services
397,Electrical Services
398,Grounds
399,Motorpool
400,Electrical Services
401,Buildings Maintenance
402,Custodial
403,Plumbing
404,Grounds
405,Electrical Services
406,Plumbing
407,Plumbing
408,Custodial
409,Motorpool
410,Motorpool
411,Plumbing
412,Custodial
413,Custodial
414,Custodial
415,Plumbing
416,Buildings Maintenance
417,Electrical Services
418,Buildings Maintenance
419,Grounds
420,Custodial
421,Custodial
422,Plumbing
423,Buildings Maintenance
424,Custodial
425,Custodial
426,Plumbing
427,Plumbing
428,Grounds
429,Grounds
430,Custodial
431,Motorpool
432,Motorpool
433,Plumbing
434,Custodial
435,Grounds
436,Buildings Maintenance
437,Custodial
438,Buildings Maintenance
439,Plumbing
440,Electrical Services
441,Custodial
442,Buildings Maintenance
443,Custodial
444,Grounds
445,Motorpool
446,Motorpool
447,Custodial
448,Plumbing
449,Plumbing
450,Electrical Services
451,Buildings Maintenance
452,Grounds
453,Electrical Services
454,Buildings Maintenance
455,Grounds
456,Grounds
457,Electrical Services
458,Buildings Maintenance
459,Buildings Maintenance
460,Grounds
461,Buildings Maintenance
462,Custodial
463,Plumbing
464,Grounds
465,Custodial
466,Buildings Maintenance
467,Buildings Maintenance
468,Motorpool
469,Custodial
470,Plumbing
471,Custodial
472,Plumbing
473,Electrical Services
474,Plumbing
475,Grounds
476,Motorpool
477,Electrical Services
478,Motorpool
479,Electrical Services
480,Motorpool
481,Plumbing
482,Motorpool
483,Motorpool
484,Buildings Maintenance
485,Custodial
486,Electrical Services
487,Custodial
488,Grounds
489,Custodial
490,Motorpool
491,Buildings Maintenance
492,Electrical Services
493,Grounds
494,Custodial
495,Grounds
496,Grounds
497,Motorpool
498,Custodial
499,Unknown
500,Custodial
501,Custodial
502,Custodial
503,Grounds
504,Electrical Services
505,Electrical Services
506,Electrical Services
507,Electrical Services
508,Buildings Maintenance
509,Electrical Services
510,Buildings Maintenance
511,Electrical Services
512,Custodial
513,Plumbing
514,Buildings Maintenance
515,Grounds
516,Electrical Services
517,Plumbing
518,Custodial
519,Buildings Maintenance
520,Plumbing
521,Motorpool
522,Motorpool
523,Custodial
524,Plumbing
525,Buildings Maintenance
526,Custodial
527,Plumbing
528,Plumbing
529,Motorpool
530,Buildings Maintenance
531,Buildings Maintenance
532,Grounds
533,Plumbing
534,Electrical Services
535,Motorpool
536,Custodial
537,Electrical Services
538,Custodial
539,Custodial
540,Electrical Services
541,Custodial
542,Plumbing
543,Motorpool
544,Plumbing
545,Electrical Services
546,Custodial
547,Grounds
548,Buildings Maintenance
549,Custodial
550,Buildings Maintenance
551,Custodial
552,Plumbing
553,Plumbing
554,Custodial
555,Buildings Maintenance
556,Motorpool
557,Buildings Maintenance
558,Electrical Services
559,Grounds
560,Electrical Services
561,Buildings Maintenance
562,Motorpool
563,Grounds
564,Motorpool
565,Electrical Services
566,Electrical Services
567,Plumbing
568,Buildings Maintenance
569,Plumbing
570,Buildings Maintenance
571,Motorpool
572,Electrical Services
573,Electrical Services
574,Electrical Services
575,Electrical Services
576,Plumbing
577,Plumbing
578,Grounds
579,Plumbing
580,Plumbing
581,Grounds
582,Unknown
583,Plumbing
584,Buildings Maintenance
585,Electrical Services
586,Custodial
587,Grounds
588,Grounds
589,Electrical Services
590,Plumbing
591,Buildings Maintenance
592,Custodial
593,Motorpool
594,Electrical Services
595,Electrical Services
596,Buildings Maintenance
597,Electrical Services
598,Grounds
599,Custodial
600,Custodial
601,Motorpool
602,Buildings Maintenance
603,Motorpool
604,Grounds
605,Custodial
606,Motorpool
607,Electrical Services
608,Grounds
609,Buildings Maintenance
610,Plumbing
611,Motorpool
612,Electrical Services
613,Buildings Maintenance
614,Grounds
615,Motorpool
616,Plumbing
617,Custodial
618,Motorpool
619,Grounds
620,Grounds
621,Electrical Services
622,Electrical Services
623,Custodial
624,Custodial
625,Electrical Services
626,Electrical Services
627,Electrical Services
628,Buildings Maintenance
629,Buildings Maintenance
630,Grounds
631,Electrical Services
632,Grounds
633,Motorpool
634,Electrical Services
635,Buildings Maintenance
636,Buildings Maintenance
637,Motorpool
638,Electrical Services
639,Motorpool
640,Buildings Maintenance
641,Motorpool
642,Buildings Maintenance
643,Electrical Services
644,Buildings Maintenance
645,Motorpool
646,Custodial
647,Custodial
648,Buildings Maintenance
649,Electrical Services
650,Custodial
651,Grounds
652,Buildings Maintenance
653,Plumbing
654,Plumbing
655,Plumbing
656,Buildings Maintenance
657,Grounds
658,Grounds
659,Motorpool
660,Plumbing
661,Custodial
662,Plumbing
663,Custodial
664,Plumbing
665,Buildings Maintenance
666,Custodial
667,Buildings Maintenance
668,Custodial
669,Motorpool
670,Electrical Services
671,Grounds
672,Buildings Maintenance
673,Plumbing
674,Plumbing
675,Motorpool
676,Electrical Services
677,Electrical Services
678,Plumbing
679,Plumbing
680,Plumbing
681,Buildings Maintenance
682,Plumbing
683,Electrical Services
684,Plumbing
685,Electrical Services
686,Buildings Maintenance
687,Grounds
688,Motorpool
689,Plumbing
690,Plumbing
691,Electrical Services
692,Electrical Services
693,Custodial
694,Grounds
695,Plumbing
696,Electrical Services
697,Plumbing
698,Electrical Services
699,Electrical Services
700,Grounds
701,Motorpool
702,Custodial
703,Grounds
704,Buildings Maintenance
705,Grounds
706,Electrical Services
707,Grounds
708,Buildings Maintenance
709,Grounds
710,Custodial
711,Motorpool
712,Plumbing
713,Motorpool
714,Grounds
715,Electrical Services
716,Buildings Maintenance
717,Buildings Maintenance
718,Plumbing
719,Motorpool
720,Plumbing
721,Custodial
722,Custodial
723,Electrical Services
724,Custodial
725,Plumbing
726,Grounds
727,Electrical Services
728,Buildings Maintenance
729,Motorpool
730,Custodial
731,Electrical Services
732,Custodial
733,Buildings Maintenance
734,Buildings Maintenance
735,Motorpool
736,Electrical Services
737,Custodial
738,Buildings Maintenance
739,Motorpool
740,Custodial
741,Grounds
742,Motorpool
743,Unknown
744,Buildings Maintenance
745,Grounds
746,Plumbing
747,Buildings Maintenance
748,Electrical Services
749,Motorpool
750,Grounds
751,Motorpool
752,Buildings Maintenance
753,Plumbing
754,Electrical Services
755,Electrical Services
756,Grounds
757,Buildings Maintenance
758,Motorpool
759,Plumbing
760,Grounds
761,Buildings Maintenance
762,Plumbing
763,Plumbing
764,Motorpool
765,Electrical Services
766,Buildings Maintenance
767,Motorpool
768,Buildings Maintenance
769,Electrical Services
770,Grounds
771,Electrical Services
772,Plumbing
773,Motorpool
774,Buildings Maintenance
775,Motorpool
776,Custodial
777,Electrical Services
778,Buildings Maintenance
779,Custodial
780,Motorpool
781,Grounds
782,Grounds
783,Electrical Services
784,Grounds
785,Grounds
786,Plumbing
787,Buildings Maintenance
788,Plumbing
789,Electrical Services
790,Electrical Services
791,Grounds
792,Grounds
793,Buildings Maintenance
794,Grounds
795,Plumbing
796,Plumbing
797,Plumbing
798,Plumbing
799,Electrical Services
800,Custodial
801,Electrical Services
802,Custodial
803,Plumbing
804,Electrical Services
805,Buildings Maintenance
806,Custodial
807,Buildings Maintenance
808,Grounds
809,Electrical Services
810,Buildings Maintenance
811,Electrical Services
812,Buildings Maintenance
813,Grounds
814,Custodial
815,Buildings Maintenance
816,Buildings Maintenance
817,Electrical Services
818,Plumbing
819,Grounds
820,Motorpool
821,Custodial
822,Buildings Maintenance
823,Electrical Services
824,Grounds
825,Electrical Services
826,Plumbing
827,Grounds
828,Plumbing
829,Buildings Maintenance
830,Custodial
831,Custodial
832,Electrical Services
833,Motorpool
834,Electrical Services
835,Electrical Services
836,Custodial
837,Electrical Services
838,Motorpool
839,Electrical Services
840,Motorpool
841,Grounds
842,Custodial
843,Motorpool
844,Buildings Maintenance
845,Electrical Services
846,Plumbing
847,Electrical Services
848,Custodial
849,Motorpool
850,Plumbing
851,Custodial
852,Plumbing
853,Grounds
854,Plumbing
855,Plumbing
856,Custodial
857,Custodial
858,Electrical Services
859,Buildings Maintenance
860,Custodial
861,Custodial
862,Buildings Maintenance
863,Motorpool
864,Motorpool
865,Plumbing
866,Motorpool
867,Electrical Services
868,Plumbing
869,Grounds
870,Motorpool
871,Buildings Maintenance
872,Electrical Services
873,Plumbing
874,Custodial
875,Plumbing
876,Motorpool
877,Buildings Maintenance
878,Motorpool
879,Custodial
880,Grounds
881,Plumbing
882,Custodial
883,Grounds
884,Custodial
885,Motorpool
886,Electrical Services
887,Grounds
888,Buildings Maintenance
889,Custodial
890,Motorpool
891,Custodial
892,Plumbing
893,Motorpool
894,Electrical Services
895,Grounds
896,Buildings Maintenance
897,Grounds
898,Grounds
899,Motorpool
900,Buildings Maintenance
901,Custodial
902,Plumbing
903,Motorpool
904,Custodial
905,Motorpool
906,Electrical Services
907,Electrical Services
908,Electrical Services
909,Custodial
910,Custodial
911,Custodial
912,Custodial
913,Motorpool
914,Custodial
915,Buildings Maintenance
916,Electrical Services
917,Buildings Maintenance
918,Motorpool
919,Buildings Maintenance
920,Buildings Maintenance
921,Buildings Maintenance
922,Motorpool
923,Custodial
924,Custodial
925,Electrical Services
926,Electrical Services
927,Buildings Maintenance
928,Grounds
929,Grounds
930,Electrical Services
931,Electrical Services
932,Grounds
933,Electrical Services
934,Electrical Services
935,Motorpool
936,Motorpool
937,Grounds
938,Grounds
939,Grounds
940,Custodial
941,Grounds
942,Motorpool
943,Electrical Services
944,Electrical Services
945,Electrical Services
946,Grounds
947,Plumbing
948,Electrical Services
949,Grounds
950,Custodial
951,Custodial
952,Buildings Maintenance
953,Motorpool
954,Custodial
955,Custodial
956,Grounds
957,Buildings Maintenance
958,Electrical Services
959,Motorpool
960,Motorpool
961,Electrical Services
962,Motorpool
963,Custodial
964,Custodial
965,Electrical Services
966,Plumbing
967,Plumbing
968,Buildings Maintenance
969,Buildings Maintenance
970,Buildings Maintenance
971,Motorpool
972,Electrical Services
973,Motorpool
974,Plumbing
975,Custodial
976,Buildings Maintenance
977,Plumbing
978,Plumbing
979,Grounds
980,Custodial
981,Plumbing
982,Motorpool
983,Motorpool
984,Grounds
985,Buildings Maintenance
986,Grounds
987,Electrical Services
988,Custodial
989,Grounds
990,Custodial
991,Grounds
992,Grounds
993,Motorpool
994,Electrical Services
995,Grounds
996,Electrical Services
997,Buildings Maintenance
998,Grounds
999,Grounds
1000,Plumbing
1001,Grounds
1002,Plumbing
1003,Plumbing
1004,Plumbing
1005,Plumbing
1006,Plumbing
1007,Motorpool
1008,Buildings Maintenance
1009,Buildings Maintenance
1010,Grounds
1011,Motorpool
1012,Buildings Maintenance
1013,Buildings Maintenance
1014,Motorpool
1015,Motorpool
1016,Custodial
1017,Custodial
1018,Custodial
1019,Motorpool
1020,Motorpool
1021,Motorpool
1022,Electrical Services
1023,Grounds
1024,Electrical Services
1025,Motorpool
1026,Buildings Maintenance
1027,Grounds
1028,Buildings Maintenance
1029,Motorpool
1030,Motorpool
1031,Buildings Maintenance
1032,Plumbing
1033,Motorpool
1034,Electrical Services
1035,Buildings Maintenance
1036,Plumbing
1037,Motorpool
1038,Custodial
1039,Motorpool
1040,Motorpool
1041,Custodial
1042,Electrical Services
1043,Buildings Maintenance
1044,Electrical Services
1045,Motorpool
1046,Buildings Maintenance
1047,Grounds
1048,Custodial
1049,Buildings Maintenance
1050,Plumbing
1051,Electrical Services
1052,Electrical Services
1053,Buildings Maintenance
1054,Motorpool
1055,Buildings Maintenance
1056,Plumbing
1057,Plumbing
1058,Buildings Maintenance
1059,Electrical Services
1060,Custodial
1061,Plumbing
1062,Grounds
1063,Plumbing
1064,Plumbing
1065,Electrical Services
1066,Electrical Services
1067,Buildings Maintenance
1068,Buildings Maintenance
1069,Custodial
1070,Grounds
1071,Grounds
1072,Grounds
1073,Grounds
1074,Custodial
1075,Electrical Services
1076,Buildings Maintenance
1077,Electrical Services
1078,Grounds
1079,Plumbing
1080,Electrical Services
1081,Custodial
1082,Motorpool
1083,Grounds
1084,Custodial
1085,Electrical Services
1086,Plumbing
1087,Motorpool
1088,Motorpool
1089,Grounds
1090,Custodial
1091,Electrical Services
1092,Grounds
1093,Grounds
1094,Electrical Services
1095,Custodial
1096,Plumbing
1097,Electrical Services
1098,Plumbing
1099,Custodial
1100,Motorpool
1101,Motorpool
1102,Plumbing
1103,Custodial
1104,Electrical Services
1105,Electrical Services
1106,Electrical Services
1107,Buildings Maintenance
1108,Grounds
1109,Custodial
1110,Motorpool
1111,Motorpool
1112,Motorpool
1113,Motorpool
1114,Grounds
1115,Custodial
1116,Plumbing
1117,Electrical Services
1118,Motorpool
1119,Motorpool
1120,Plumbing
1121,Plumbing
1122,Electrical Services
1123,Grounds
1124,Grounds
1125,Grounds
1126,Electrical Services
1127,Grounds
1128,Electrical Services
1129,Electrical Services
1130,Custodial
1131,Grounds
1132,Grounds
1133,Grounds
1134,Custodial
1135,Electrical Services
1136,Motorpool
1137,Buildings Maintenance
1138,Buildings Maintenance
1139,Grounds
1140,Plumbing
1141,Plumbing
1142,Buildings Maintenance
1143,Motorpool
1144,Plumbing
1145,Electrical Services
1146,Grounds
1147,Custodial
1148,Custodial
1149,Custodial
1150,Unknown
1151,Custodial
1152,Custodial
1153,Plumbing
1154,Custodial
1155,Custodial
1156,Custodial
1157,Grounds
1158,Buildings Maintenance
1159,Motorpool
1160,Custodial
1161,Grounds
1162,Motorpool
1163,Plumbing
1164,Plumbing
1165,Plumbing
1166,Electrical Services
1167,Grounds
1168,Grounds
1169,Buildings Maintenance
1170,Custodial
1171,Buildings Maintenance
1172,Grounds
1173,Electrical Services
1174,Motorpool
1175,Custodial
1176,Grounds
1177,Grounds
1178,Plumbing
1179,Custodial
1180,Custodial
1181,Custodial
1182,Motorpool
1183,Grounds
1184,Buildings Maintenance
1185,Electrical Services
1186,Buildings Maintenance
1187,Electrical Services
1188,Custodial
1189,Motorpool
1190,Unknown
1191,Custodial
1192,Motorpool
1193,Electrical Services
1194,Motorpool
1195,Motorpool
1196,Grounds
1197,Custodial
1198,Plumbing
1199,Custodial
1200,Electrical Services
1201,Buildings Maintenance
1202,Buildings Maintenance
1203,Electrical Services
1204,Motorpool
1205,Electrical Services
1206,Electrical Services
1207,Motorpool
1208,Plumbing
1209,Plumbing
1210,Plumbing
1211,Buildings Maintenance
1212,Plumbing
1213,Motorpool
1214,Plumbing
1215,Electrical Services
1216,Buildings Maintenance
1217,Motorpool
1218,Motorpool
1219,Grounds
1220,Buildings Maintenance
1221,Electrical Services
1222,Custodial
1223,Plumbing
1224,Buildings Maintenance
1225,Grounds
1226,Electrical Services
1227,Motorpool
1228,Electrical Services
1229,Grounds
1230,Motorpool
1231,Plumbing
1232,Plumbing
1233,Grounds
1234,Buildings Maintenance
1235,Motorpool
1236,Motorpool
1237,Motorpool
1238,Grounds
1239,Grounds
1240,Custodial
1241,Buildings Maintenance
1242,Motorpool
1243,Grounds
1244,Plumbing
1245,Motorpool
1246,Buildings Maintenance
1247,Motorpool
1248,Motorpool
1249,Plumbing
1250,Electrical Services
1251,Electrical Services
1252,Buildings Maintenance
1253,Plumbing
1254,Plumbing
1255,Motorpool
1256,Buildings Maintenance
1257,Plumbing
1258,Grounds
1259,Electrical Services
1260,Motorpool
1261,Buildings Maintenance
1262,Custodial
1263,Custodial
1264,Electrical Services
1265,Plumbing
1266,Buildings Maintenance
1267,Buildings Maintenance
1268,Plumbing
1269,Plumbing
1270,Buildings Maintenance
1271,Motorpool
1272,Grounds
1273,Custodial
1274,Custodial
1275,Buildings Maintenance
1276,Custodial
1277,Motorpool
1278,Plumbing
1279,Custodial
1280,Electrical Services
1281,Buildings Maintenance
1282,Grounds
1283,Plumbing
1284,Grounds
1285,Buildings Maintenance
1286,Electrical Services
1287,Grounds
1288,Unknown
1289,Custodial
1290,Grounds
1291,Grounds
1292,Buildings Maintenance
1293,Grounds
1294,Grounds
1295,Electrical Services
1296,Electrical Services
1297,Electrical Services
1298,Motorpool
1299,Grounds
1300,Motorpool
1301,Grounds
1302,Buildings Maintenance
1303,Custodial
1304,Buildings Maintenance
1305,Electrical Services
1306,Plumbing
1307,Plumbing
1308,Motorpool
1309,Motorpool
1310,Plumbing
1311,Electrical Services
1312,Electrical Services
1313,Motorpool
1314,Buildings Maintenance
1315,Buildings Maintenance
1316,Electrical Services
1317,Buildings Maintenance
1318,Buildings Maintenance
1319,Grounds
1320,Grounds
1321,Custodial
1322,Buildings Maintenance
1323,Buildings Maintenance
1324,Plumbing
1325,Grounds
1326,Grounds
1327,Plumbing
1328,Grounds
1329,Plumbing
1330,Custodial
1331,Grounds
1332,Buildings Maintenance
1333,Buildings Maintenance
1334,Electrical Services
1335,Custodial
1336,Motorpool
1337,Plumbing
1338,Plumbing
1339,Grounds
1340,Electrical Services
1341,Electrical Services
1342,Motorpool
1343,Electrical Services
1344,Electrical Services
1345,Buildings Maintenance
1346,Custodial
1347,Custodial
1348,Motorpool
1349,Motorpool
1350,Buildings Maintenance
1351,Motorpool
1352,Buildings Maintenance
1353,Grounds
1354,Electrical Services
1355,Buildings Maintenance
1356,Custodial
1357,Grounds
1358,Grounds
1359,Plumbing
1360,Custodial
1361,Grounds
1362,Grounds
1363,Motorpool
1364,Buildings Maintenance
1365,Buildings Maintenance
1366,Plumbing
1367,Electrical Services
1368,Custodial
1369,Electrical Services
1370,Custodial
1371,Electrical Services
1372,Motorpool
1373,Grounds
1374,Plumbing
1375,Buildings Maintenance
1376,Motorpool
1377,Motorpool
1378,Electrical Services
1379,Motorpool
1380,Custodial
1381,Buildings Maintenance
1382,Electrical Services
1383,Buildings Maintenance
1384,Plumbing
1385,Plumbing
1386,Plumbing
1387,Buildings Maintenance
1388,Buildings Maintenance
1389,Buildings Maintenance
1390,Motorpool
1391,Custodial
1392,Buildings Maintenance
1393,Plumbing
1394,Buildings Maintenance
1395,Electrical Services
1396,Motorpool
1397,Electrical Services
1398,Custodial
1399,Buildings Maintenance
1400,Motorpool
1401,Buildings Maintenance
1402,Plumbing
1403,Grounds
1404,Electrical Services
1405,Electrical Services
1406,Grounds
1407,Motorpool
1408,Electrical Services
1409,Grounds
1410,Custodial
1411,Custodial
1412,Plumbing
1413,Buildings Maintenance
1414,Electrical Services
1415,Grounds
1416,Electrical Services
1417,Plumbing
1418,Plumbing
1419,Grounds
1420,Buildings Maintenance
1421,Custodial
1422,Grounds
1423,Buildings Maintenance
1424,Motorpool
1425,Grounds
1426,Plumbing
1427,Grounds
1428,Plumbing
1429,Grounds
1430,Electrical Services
1431,Motorpool
1432,Custodial
1433,Grounds
1434,Motorpool
1435,Grounds
1436,Custodial
1437,Motorpool
1438,Custodial
1439,Custodial
1440,Plumbing
1441,Plumbing
1442,Electrical Services
1443,Buildings Maintenance
1444,Grounds
1445,Grounds
1446,Motorpool
1447,Grounds
1448,Electrical Services
1449,Custodial
1450,Custodial
1451,Plumbing
1452,Motorpool
1453,Motorpool
1454,Custodial
1455,Buildings Maintenance
1456,Buildings Maintenance
1457,Grounds
1458,Buildings Maintenance
1459,Motorpool
1460,Electrical Services
1461,Grounds
1462,Grounds
1463,Custodial
1464,Motorpool
1465,Grounds
1466,Plumbing
1467,Buildings Maintenance
1468,Motorpool
1469,Electrical Services
1470,Buildings Maintenance
1471,Electrical Services
1472,Electrical Services
1473,Grounds
1474,Motorpool
1475,Plumbing
1476,Buildings Maintenance
1477,Electrical Services
1478,Custodial
1479,Buildings Maintenance
1480,Unknown
1481,Electrical Services
1482,Electrical Services
1483,Motorpool
1484,Buildings Maintenance
1485,Grounds
1486,Plumbing
1487,Plumbing
1488,Custodial
1489,Plumbing
1490,Plumbing
1491,Motorpool
1492,Plumbing
1493,Custodial
1494,Grounds
1495,Motorpool
1496,Buildings Maintenance
1497,Plumbing
1498,Custodial
1499,Motorpool
1500,Custodial
1501,Plumbing
1502,Custodial
1503,Electrical Services
1504,Custodial
1505,Motorpool
1506,Electrical Services
1507,Buildings Maintenance
1508,Plumbing
1509,Motorpool
1510,Electrical Services
1511,Buildings Maintenance
1512,Grounds
1513,Unknown
1514,Grounds
1515,Buildings Maintenance
1516,Buildings Maintenance
1517,Plumbing
1518,Electrical Services
1519,Grounds
1520,Grounds
1521,Buildings Maintenance
1522,Motorpool
1523,Plumbing
1524,Buildings Maintenance
1525,Grounds
1526,Motorpool
1527,Buildings Maintenance
1528,Buildings Maintenance
1529,Custodial
1530,Motorpool
1531,Buildings Maintenance
1532,Electrical Services
1533,Buildings Maintenance
1534,Electrical Services
1535,Grounds
1536,Motorpool
1537,Buildings Maintenance
1538,Plumbing
1539,Grounds
1540,Buildings Maintenance
1541,Motorpool
1542,Motorpool
1543,Motorpool
1544,Motorpool
1545,Plumbing
1546,Grounds
1547,Motorpool
1548,Buildings Maintenance
1549,Motorpool
1550,Motorpool
1551,Grounds
1552,Buildings Maintenance
1553,Electrical Services
1554,Electrical Services
1555,Custodial
1556,Grounds
1557,Plumbing
1558,Plumbing
1559,Motorpool
1560,Electrical Services
1561,Buildings Maintenance
1562,Electrical Services
1563,Buildings Maintenance
1564,Plumbing
1565,Buildings Maintenance
1566,Electrical Services
1567,Electrical Services
1568,Buildings Maintenance
1569,Grounds
1570,Custodial
1571,Motorpool
1572,Electrical Services
1573,Custodial
1574,Motorpool
1575,Grounds
1576,Plumbing
1577,Unknown
1578,Plumbing
1579,Plumbing
1580,Custodial
1581,Electrical Services
1582,Grounds
1583,Grounds
1584,Buildings Maintenance
1585,Custodial
1586,Custodial
1587,Buildings Maintenance
1588,Electrical Services
1589,Motorpool
1590,Plumbing
1591,Plumbing
1592,Electrical Services
1593,Buildings Maintenance
1594,Plumbing
1595,Buildings Maintenance
1596,Custodial
1597,Buildings Maintenance
1598,Motorpool
1599,Plumbing
1600,Grounds
1601,Custodial
1602,Buildings Maintenance
1603,Buildings Maintenance
1604,Motorpool
1605,Motorpool
1606,Plumbing
1607,Unknown
1608,Plumbing
1609,Custodial
1610,Buildings Maintenance
1611,Plumbing
1612,Plumbing
1613,Plumbing
1614,Plumbing
1615,Custodial
1616,Custodial
1617,Buildings Maintenance
1618,Custodial
1619,Electrical Services
1620,Plumbing
1621,Electrical Services
1622,Buildings Maintenance
1623,Grounds
1624,Plumbing
1625,Grounds
1626,Custodial
1627,Motorpool
1628,Custodial
1629,Grounds
1630,Buildings Maintenance
1631,Plumbing
1632,Buildings Maintenance
1633,Custodial
1634,Plumbing
1635,Plumbing
1636,Buildings Maintenance
1637,Custodial
1638,Custodial
1639,Plumbing
1640,Grounds
1641,Motorpool
1642,Plumbing
1643,Grounds
1644,Motorpool
1645,Plumbing
1646,Custodial
1647,Grounds
1648,Buildings Maintenance
1649,Electrical Services
1650,Electrical Services
1651,Electrical Services
1652,Plumbing
1653,Plumbing
1654,Electrical Services
1655,Grounds
1656,Motorpool
1657,Plumbing
1658,Buildings Maintenance
1659,Electrical Services
1660,Plumbing
1661,Buildings Maintenance
1662,Electrical Services
1663,Motorpool
1664,Custodial
1665,Custodial
1666,Motorpool
1667,Motorpool
1668,Plumbing
1669,Buildings Maintenance
1670,Electrical Services
1671,Motorpool
1672,Motorpool
1673,Grounds
1674,Custodial
1675,Motorpool
1676,Electrical Services
1677,Motorpool
1678,Plumbing
1679,Buildings Maintenance
1680,Custodial
1681,Grounds
1682,Electrical Services
1683,Grounds
1684,Plumbing
1685,Buildings Maintenance
1686,Buildings Maintenance
1687,Plumbing
1688,Electrical Services
1689,Plumbing
1690,Buildings Maintenance
1691,Electrical Services
1692,Electrical Services
1693,Grounds
1694,Grounds
1695,Custodial
1696,Motorpool
1697,Grounds
1698,Grounds
1699,Motorpool
1700,Motorpool
1701,Buildings Maintenance
1702,Custodial
1703,Grounds
1704,Custodial
1705,Electrical Services
1706,Electrical Services
1707,Buildings Maintenance
1708,Plumbing
1709,Plumbing
1710,Buildings Maintenance
1711,Grounds
1712,Buildings Maintenance
1713,Custodial
1714,Grounds
1715,Motorpool
1716,Motorpool
1717,Unknown
1718,Electrical Services
1719,Buildings Maintenance
1720,Electrical Services
1721,Electrical Services
1722,Buildings Maintenance
1723,Grounds
1724,Electrical Services
1725,Motorpool
1726,Plumbing
1727,Electrical Services
1728,Custodial
1729,Custodial
1730,Plumbing
1731,Plumbing
1732,Grounds
1733,Electrical Services
1734,Custodial
1735,Motorpool
1736,Buildings Maintenance
1737,Plumbing
1738,Plumbing
1739,Custodial
1740,Grounds
1741,Plumbing
1742,Electrical Services
1743,Motorpool
1744,Motorpool
1745,Buildings Maintenance
1746,Plumbing
1747,Plumbing
1748,Buildings Maintenance
1749,Buildings Maintenance
1750,Motorpool
1751,Plumbing
1752,Electrical Services
1753,Grounds
1754,Grounds
1755,Electrical Services
1756,Buildings Maintenance
1757,Plumbing
1758,Electrical Services
1759,Grounds
1760,Custodial
1761,Custodial
1762,Plumbing
1763,Motorpool
1764,Custodial
1765,Grounds
1766,Buildings Maintenance
1767,Grounds
1768,Grounds
1769,Grounds
1770,Plumbing
1771,Grounds
1772,Plumbing
1773,Custodial
1774,Grounds
1775,Motorpool
1776,Motorpool
1777,Motorpool
1778,Plumbing
1779,Grounds
1780,Electrical Services
1781,Custodial
1782,Motorpool
1783,Buildings Maintenance
1784,Custodial
1785,Electrical Services
1786,Buildings Maintenance
1787,Grounds
1788,Electrical Services
1789,Motorpool
1790,Electrical Services
1791,Grounds
1792,Custodial
1793,Plumbing
1794,Electrical Services
1795,Motorpool
1796,Custodial
1797,Buildings Maintenance
1798,Grounds
1799,Grounds
1800,Plumbing
1801,Plumbing
1802,Plumbing
1803,Buildings Maintenance
1804,Motorpool
1805,Grounds
1806,Buildings Maintenance
1807,Motorpool
1808,Motorpool
1809,Buildings Maintenance
1810,Electrical Services
1811,Motorpool
1812,Buildings Maintenance
1813,Grounds
1814,Motorpool
1815,Buildings Maintenance
1816,Electrical Services
1817,Grounds
1818,Motorpool
1819,Grounds
1820,Motorpool
1821,Buildings Maintenance
1822,Electrical Services
1823,Grounds
1824,Buildings Maintenance
1825,Electrical Services
1826,Grounds
1827,Custodial
1828,Grounds
1829,Grounds
1830,Plumbing
1831,Buildings Maintenance
1832,Motorpool
1833,Buildings Maintenance
1834,Motorpool
1835,Motorpool
1836,Motorpool
1837,Buildings Maintenance
1838,Electrical Services
1839,Plumbing
1840,Grounds
1841,Buildings Maintenance
1842,Plumbing
1843,Plumbing
1844,Motorpool
1845,Grounds
1846,Electrical Services
1847,Motorpool
1848,Plumbing
1849,Plumbing
1850,Custodial
1851,Motorpool
1852,Electrical Services
1853,Grounds
1854,Electrical Services
1855,Plumbing
1856,Custodial
1857,Plumbing
1858,Plumbing
1859,Electrical Services
1860,Custodial
1861,Electrical Services
1862,Plumbing
1863,Plumbing
1864,Motorpool
1865,Plumbing
1866,Electrical Services
1867,Custodial
1868,Motorpool
1869,Motorpool
1870,Buildings Maintenance
1871,Motorpool
1872,Plumbing
1873,Grounds
1874,Unknown
1875,Motorpool
1876,Grounds
1877,Plumbing
1878,Custodial
1879,Plumbing
1880,Plumbing
1881,Electrical Services
1882,Buildings Maintenance
1883,Electrical Services
1884,Buildings Maintenance
1885,Buildings Maintenance
1886,Buildings Maintenance
1887,Motorpool
1888,Motorpool
1889,Custodial
1890,Buildings Maintenance
1891,Electrical Services
1892,Grounds
1893,Grounds
1894,Motorpool
1895,Grounds
1896,Electrical Services
1897,Buildings Maintenance
1898,Plumbing
1899,Electrical Services
1900,Grounds
1901,Electrical Services
1902,Grounds
1903,Electrical Services
1904,Plumbing
1905,Electrical Services
1906,Custodial
1907,Buildings Maintenance
1908,Plumbing
1909,Custodial
1910,Motorpool
1911,Grounds
1912,Custodial
1913,Electrical Services
1914,Plumbing
1915,Motorpool
1916,Grounds
1917,Grounds
1918,Motorpool
1919,Motorpool
1920,Motorpool
1921,Buildings Maintenance
1922,Electrical Services
1923,Plumbing
1924,Buildings Maintenance
1925,Motorpool
1926,Buildings Maintenance
1927,Plumbing
1928,Motorpool
1929,Grounds
1930,Custodial
1931,Plumbing
1932,Electrical Services
1933,Custodial
1934,Buildings Maintenance
1935,Plumbing
1936,Custodial
1937,Custodial
1938,Grounds
1939,Plumbing
1940,Plumbing
1941,Custodial
1942,Motorpool
1943,Motorpool
1944,Electrical Services
1945,Grounds
1946,Motorpool
1947,Motorpool
1948,Buildings Maintenance
1949,Custodial
1950,Plumbing
1951,Plumbing
1952,Plumbing
1953,Motorpool
1954,Custodial
1955,Grounds
1956,Electrical Services
1957,Motorpool
1958,Motorpool
1959,Custodial
1960,Grounds
1961,Plumbing
1962,Custodial
1963,Buildings Maintenance
1964,Custodial
1965,Unknown
1966,Electrical Services
1967,Plumbing
1968,Electrical Services
1969,Grounds
1970,Electrical Services
1971,Motorpool
1972,Motorpool
1973,Motorpool
1974,Grounds
1975,Plumbing
1976,Electrical Services
1977,Grounds
1978,Motorpool
1979,Custodial
1980,Electrical Services
1981,Buildings Maintenance
1982,Plumbing
1983,Electrical Services
1984,Motorpool
1985,Buildings Maintenance
1986,Unknown
1987,Plumbing
1988,Plumbing
1989,Grounds
1990,Plumbing
1991,Grounds
1992,Grounds
1993,Custodial
1994,Plumbing
1995,Buildings Maintenance
1996,Motorpool
1997,Buildings Maintenance
1998,Grounds
1999,Plumbing
2000,Grounds
2001,Buildings Maintenance
2002,Buildings Maintenance
2003,Motorpool
2004,Electrical Services
2005,Plumbing
2006,Motorpool
2007,Motorpool
2008,Custodial
2009,Custodial
2010,Electrical Services
2011,Grounds
2012,Motorpool
2013,Electrical Services
2014,Motorpool
2015,Plumbing
2016,Grounds
2017,Electrical Services
2018,Buildings Maintenance
2019,Motorpool
2020,Electrical Services
2021,Electrical Services
2022,Grounds
2023,Plumbing
2024,Motorpool
2025,Electrical Services
2026,Buildings Maintenance
2027,Motorpool
2028,Buildings Maintenance
2029,Plumbing
2030,Electrical Services
2031,Buildings Maintenance
2032,Buildings Maintenance
2033,Buildings Maintenance
2034,Plumbing
2035,Buildings Maintenance
2036,Motorpool
2037,Motorpool
2038,Buildings Maintenance
2039,Buildings Maintenance
2040,Grounds
2041,Plumbing
2042,Plumbing
2043,Plumbing
2044,Buildings Maintenance
2045,Electrical Services
2046,Grounds
2047,Electrical Services
2048,Grounds
2049,Electrical Services
2050,Custodial
2051,Plumbing
2052,Motorpool
2053,Custodial
2054,Buildings Maintenance
2055,Custodial
2056,Buildings Maintenance
2057,Unknown
2058,Plumbing
2059,Electrical Services
2060,Grounds
2061,Electrical Services
2062,Buildings Maintenance
2063,Motorpool
2064,Plumbing
2065,Electrical Services
2066,Motorpool
2067,Custodial
2068,Custodial
2069,Electrical Services
2070,Buildings Maintenance
2071,Buildings Maintenance
2072,Grounds
2073,Plumbing
2074,Plumbing
2075,Buildings Maintenance
2076,Motorpool
2077,Custodial
2078,Plumbing
2079,Buildings Maintenance
2080,Grounds
2081,Custodial
2082,Electrical Services
2083,Grounds
2084,Grounds
2085,Grounds
2086,Electrical Services
2087,Electrical Services
2088,Custodial
2089,Motorpool
2090,Custodial
2091,Grounds
2092,Motorpool
2093,Grounds
2094,Motorpool
2095,Grounds
2096,Plumbing
2097,Motorpool
2098,Buildings Maintenance
2099,Motorpool
2100,Electrical Services
2101,Plumbing
2102,Grounds
2103,Custodial
2104,Plumbing
2105,Electrical Services
2106,Custodial
2107,Electrical Services
2108,Motorpool
2109,Buildings Maintenance
2110,Buildings Maintenance
2111,Plumbing
2112,Buildings Maintenance
2113,Motorpool
2114,Grounds
2115,Buildings Maintenance
2116,Custodial
2117,Custodial
2118,Buildings Maintenance
2119,Buildings Maintenance
2120,Plumbing
2121,Grounds
2122,Grounds
2123,Custodial
2124,Custodial
2125,Plumbing
2126,Custodial
2127,Electrical Services
2128,Motorpool
2129,Motorpool
2130,Buildings Maintenance
2131,Grounds
2132,Plumbing
2133,Custodial
2134,Custodial
2135,Motorpool
2136,Custodial
2137,Electrical Services
2138,Buildings Maintenance
2139,Custodial
2140,Custodial
2141,Plumbing
2142,Custodial
2143,Custodial
2144,Grounds
2145,Grounds
2146,Plumbing
2147,Plumbing
2148,Buildings Maintenance
2149,Electrical Services
2150,Grounds
2151,Buildings Maintenance
2152,Motorpool
2153,Electrical Services
2154,Plumbing
2155,Custodial
2156,Buildings Maintenance
2157,Motorpool
2158,Buildings Maintenance
2159,Buildings Maintenance
2160,Plumbing